Workbook

Sheet inflasi
A3: Data Inflasi | B3: Data Inflasi | C3: Data Inflasi | D3: Data Inflasi
A5: No | B5: Periode | C5: Data Inflasi | F5: =A5 -> No | G5: =B5 -> Periode | H5: Data Inflasi
A6: 1 | B6: 45901 | C6: 2.65 | F6: 1 | G6: 45930 | H6: {=_xlfn.XLOOKUP(MONTH(G6) & YEAR(G6),MONTH($B$6:$B$38) & YEAR($B$6:$B$38),$C$6:$C$38)} -> 2.65
A7: 2 | B7: 45870 | C7: 2.31 | F7: 2 | G7: 45929 | H7: {=_xlfn.XLOOKUP(MONTH(G7) & YEAR(G7),MONTH($B$6:$B$38) & YEAR($B$6:$B$38),$C$6:$C$38)} -> 2.65
A8: 3 | B8: 45839 | C8: 2.37 | F8: 3 | G8: 45928 | H8: {=_xlfn.XLOOKUP(MONTH(G8) & YEAR(G8),MONTH($B$6:$B$38) & YEAR($B$6:$B$38),$C$6:$C$38)} -> 2.65
A9: 4 | B9: 45809 | C9: 1.87 | F9: 4 | G9: 45927 | H9: {=_xlfn.XLOOKUP(MONTH(G9) & YEAR(G9),MONTH($B$6:$B$38) & YEAR($B$6:$B$38),$C$6:$C$38)} -> 2.65
A10: 5 | B10: 45778 | C10: 1.6 | F10: 5 | G10: 45926 | H10: {=_xlfn.XLOOKUP(MONTH(G10) & YEAR(G10),MONTH($B$6:$B$38) & YEAR($B$6:$B$38),$C$6:$C$38)} -> 2.65
A11: 6 | B11: 45748 | C11: 1.95 | F11: 6 | G11: 45925 | H11: {=_xlfn.XLOOKUP(MONTH(G11) & YEAR(G11),MONTH($B$6:$B$38) & YEAR($B$6:$B$38),$C$6:$C$38)} -> 2.65
A12: 7 | B12: 45717 | C12: 1.03 | F12: 7 | G12: 45924 | H12: {=_xlfn.XLOOKUP(MONTH(G12) & YEAR(G12),MONTH($B$6:$B$38) & YEAR($B$6:$B$38),$C$6:$C$38)} -> 2.65
A13: 8 | B13: 45689 | C13: -0.09 | F13: 8 | G13: 45923 | H13: {=_xlfn.XLOOKUP(MONTH(G13) & YEAR(G13),MONTH($B$6:$B$38) & YEAR($B$6:$B$38),$C$6:$C$38)} -> 2.65
A14: 9 | B14: 45658 | C14: 0.76 | F14: 9 | G14: 45922 | H14: {=_xlfn.XLOOKUP(MONTH(G14) & YEAR(G14),MONTH($B$6:$B$38) & YEAR($B$6:$B$38),$C$6:$C$38)} -> 2.65
A15: 10 | B15: 45627 | C15: 1.57 | F15: 10 | G15: 45921 | H15: {=_xlfn.XLOOKUP(MONTH(G15) & YEAR(G15),MONTH($B$6:$B$38) & YEAR($B$6:$B$38),$C$6:$C$38)} -> 2.65
A16: 11 | B16: 45597 | C16: 1.55 | F16: 11 | G16: 45920 | H16: {=_xlfn.XLOOKUP(MONTH(G16) & YEAR(G16),MONTH($B$6:$B$38) & YEAR($B$6:$B$38),$C$6:$C$38)} -> 2.65
A17: 12 | B17: 45566 | C17: 1.71 | F17: 12 | G17: 45919 | H17: {=_xlfn.XLOOKUP(MONTH(G17) & YEAR(G17),MONTH($B$6:$B$38) & YEAR($B$6:$B$38),$C$6:$C$38)} -> 2.65
... A38: 33 | B38: 44927 | C38: 5.28 | F38: 33 | G38: 45898 | H38: {=_xlfn.XLOOKUP(MONTH(G38) & YEAR(G38),MONTH($B$6:$B$38) & YEAR($B$6:$B$38),$C$6:$C$38)} -> 2.31
F39: 34 | G39: 45897 | H39: {=_xlfn.XLOOKUP(MONTH(G39) & YEAR(G39),MONTH($B$6:$B$38) & YEAR($B$6:$B$38),$C$6:$C$38)} -> 2.31
F40: 35 | G40: 45896 | H40: {=_xlfn.XLOOKUP(MONTH(G40) & YEAR(G40),MONTH($B$6:$B$38) & YEAR($B$6:$B$38),$C$6:$C$38)} -> 2.31
F41: 36 | G41: 45895 | H41: {=_xlfn.XLOOKUP(MONTH(G41) & YEAR(G41),MONTH($B$6:$B$38) & YEAR($B$6:$B$38),$C$6:$C$38)} -> 2.31
F42: 37 | G42: 45894 | H42: {=_xlfn.XLOOKUP(MONTH(G42) & YEAR(G42),MONTH($B$6:$B$38) & YEAR($B$6:$B$38),$C$6:$C$38)} -> 2.31
F43: 38 | G43: 45893 | H43: {=_xlfn.XLOOKUP(MONTH(G43) & YEAR(G43),MONTH($B$6:$B$38) & YEAR($B$6:$B$38),$C$6:$C$38)} -> 2.31
F44: 39 | G44: 45892 | H44: {=_xlfn.XLOOKUP(MONTH(G44) & YEAR(G44),MONTH($B$6:$B$38) & YEAR($B$6:$B$38),$C$6:$C$38)} -> 2.31
F45: 40 | G45: 45891 | H45: {=_xlfn.XLOOKUP(MONTH(G45) & YEAR(G45),MONTH($B$6:$B$38) & YEAR($B$6:$B$38),$C$6:$C$38)} -> 2.31
F46: 41 | G46: 45890 | H46: {=_xlfn.XLOOKUP(MONTH(G46) & YEAR(G46),MONTH($B$6:$B$38) & YEAR($B$6:$B$38),$C$6:$C$38)} -> 2.31
F47: 42 | G47: 45889 | H47: {=_xlfn.XLOOKUP(MONTH(G47) & YEAR(G47),MONTH($B$6:$B$38) & YEAR($B$6:$B$38),$C$6:$C$38)} -> 2.31
F48: 43 | G48: 45888 | H48: {=_xlfn.XLOOKUP(MONTH(G48) & YEAR(G48),MONTH($B$6:$B$38) & YEAR($B$6:$B$38),$C$6:$C$38)} -> 2.31
F49: 44 | G49: 45887 | H49: {=_xlfn.XLOOKUP(MONTH(G49) & YEAR(G49),MONTH($B$6:$B$38) & YEAR($B$6:$B$38),$C$6:$C$38)} -> 2.31
F50: 45 | G50: 45886 | H50: {=_xlfn.XLOOKUP(MONTH(G50) & YEAR(G50),MONTH($B$6:$B$38) & YEAR($B$6:$B$38),$C$6:$C$38)} -> 2.31
... F1009: 1004 | G1009: 44927 | H1009: {=_xlfn.XLOOKUP(MONTH(G1009) & YEAR(G1009),MONTH($B$6:$B$38) & YEAR($B$6:$B$38),$C$6:$C$38)} -> 5.28

Sheet suku bunga
A3: BI-7Day-RR
A5: NO | B5: Tanggal | C5: BI-7Day-RR | F5: =A5 -> NO | G5: =B5 -> Tanggal | H5: =C5 -> BI-7Day-RR
A6: 1 | B6: 45917 | C6: 4.75 | F6: 1 | G6: 45930 | H6: =_xlfn.XLOOKUP(G6,$B$6:$B$39,$C$6:$C$39,,-1) -> 4.75
A7: 2 | B7: 45889 | C7: 5 | F7: 2 | G7: 45929 | H7: =_xlfn.XLOOKUP(G7,$B$6:$B$39,$C$6:$C$39,,-1) -> 4.75
A8: 3 | B8: 45854 | C8: 5.25 | F8: 3 | G8: 45928 | H8: =_xlfn.XLOOKUP(G8,$B$6:$B$39,$C$6:$C$39,,-1) -> 4.75
A9: 4 | B9: 45826 | C9: 5.5 | F9: 4 | G9: 45927 | H9: =_xlfn.XLOOKUP(G9,$B$6:$B$39,$C$6:$C$39,,-1) -> 4.75
A10: 5 | B10: 45798 | C10: 5.5 | F10: 5 | G10: 45926 | H10: =_xlfn.XLOOKUP(G10,$B$6:$B$39,$C$6:$C$39,,-1) -> 4.75
A11: 6 | B11: 45770 | C11: 5.75 | F11: 6 | G11: 45925 | H11: =_xlfn.XLOOKUP(G11,$B$6:$B$39,$C$6:$C$39,,-1) -> 4.75
A12: 7 | B12: 45735 | C12: 5.75 | F12: 7 | G12: 45924 | H12: =_xlfn.XLOOKUP(G12,$B$6:$B$39,$C$6:$C$39,,-1) -> 4.75
A13: 8 | B13: 45707 | C13: 5.75 | F13: 8 | G13: 45923 | H13: =_xlfn.XLOOKUP(G13,$B$6:$B$39,$C$6:$C$39,,-1) -> 4.75
A14: 9 | B14: 45672 | C14: 5.75 | F14: 9 | G14: 45922 | H14: =_xlfn.XLOOKUP(G14,$B$6:$B$39,$C$6:$C$39,,-1) -> 4.75
A15: 10 | B15: 45644 | C15: 6 | F15: 10 | G15: 45921 | H15: =_xlfn.XLOOKUP(G15,$B$6:$B$39,$C$6:$C$39,,-1) -> 4.75
A16: 11 | B16: 45616 | C16: 6 | F16: 11 | G16: 45920 | H16: =_xlfn.XLOOKUP(G16,$B$6:$B$39,$C$6:$C$39,,-1) -> 4.75
A17: 12 | B17: 45581 | C17: 6 | F17: 12 | G17: 45919 | H17: =_xlfn.XLOOKUP(G17,$B$6:$B$39,$C$6:$C$39,,-1) -> 4.75
... A39: 34 | B39: 44917 | C39: 5.5 | F39: 34 | G39: 45897 | H39: =_xlfn.XLOOKUP(G39,$B$6:$B$39,$C$6:$C$39,,-1) -> 5
F40: 35 | G40: 45896 | H40: =_xlfn.XLOOKUP(G40,$B$6:$B$39,$C$6:$C$39,,-1) -> 5
F41: 36 | G41: 45895 | H41: =_xlfn.XLOOKUP(G41,$B$6:$B$39,$C$6:$C$39,,-1) -> 5
F42: 37 | G42: 45894 | H42: =_xlfn.XLOOKUP(G42,$B$6:$B$39,$C$6:$C$39,,-1) -> 5
F43: 38 | G43: 45893 | H43: =_xlfn.XLOOKUP(G43,$B$6:$B$39,$C$6:$C$39,,-1) -> 5
F44: 39 | G44: 45892 | H44: =_xlfn.XLOOKUP(G44,$B$6:$B$39,$C$6:$C$39,,-1) -> 5
F45: 40 | G45: 45891 | H45: =_xlfn.XLOOKUP(G45,$B$6:$B$39,$C$6:$C$39,,-1) -> 5
F46: 41 | G46: 45890 | H46: =_xlfn.XLOOKUP(G46,$B$6:$B$39,$C$6:$C$39,,-1) -> 5
F47: 42 | G47: 45889 | H47: =_xlfn.XLOOKUP(G47,$B$6:$B$39,$C$6:$C$39,,-1) -> 5
F48: 43 | G48: 45888 | H48: =_xlfn.XLOOKUP(G48,$B$6:$B$39,$C$6:$C$39,,-1) -> 5.25
F49: 44 | G49: 45887 | H49: =_xlfn.XLOOKUP(G49,$B$6:$B$39,$C$6:$C$39,,-1) -> 5.25
F50: 45 | G50: 45886 | H50: =_xlfn.XLOOKUP(G50,$B$6:$B$39,$C$6:$C$39,,-1) -> 5.25
F51: 46 | G51: 45885 | H51: =_xlfn.XLOOKUP(G51,$B$6:$B$39,$C$6:$C$39,,-1) -> 5.25
... F1009: 1004 | G1009: 44927 | H1009: =_xlfn.XLOOKUP(G1009,$B$6:$B$39,$C$6:$C$39,,-1) -> 5.5

Sheet nilai tukar
A3: Informasi Kurs Jisdor | B3: Informasi Kurs Jisdor | C3: Informasi Kurs Jisdor | D3: Informasi Kurs Jisdor
A5: NO | B5: Tanggal | C5: Kurs | F5: =A5 -> NO | G5: =B5 -> Tanggal | H5: Kurs
A6: 1 | B6: 45930 | C6: 16692 | F6: 1 | G6: 45930 | H6: =_xlfn.XLOOKUP(G6,$B$6:$B$656,$C$6:$C$656,,-1) -> 16692
A7: 2 | B7: 45929 | C7: 16680 | F7: 2 | G7: 45929 | H7: =_xlfn.XLOOKUP(G7,$B$6:$B$656,$C$6:$C$656,,-1) -> 16680
A8: 3 | B8: 45926 | C8: 16775 | F8: 3 | G8: 45928 | H8: =_xlfn.XLOOKUP(G8,$B$6:$B$656,$C$6:$C$656,,-1) -> 16775
A9: 4 | B9: 45925 | C9: 16752 | F9: 4 | G9: 45927 | H9: =_xlfn.XLOOKUP(G9,$B$6:$B$656,$C$6:$C$656,,-1) -> 16775
A10: 5 | B10: 45924 | C10: 16680 | F10: 5 | G10: 45926 | H10: =_xlfn.XLOOKUP(G10,$B$6:$B$656,$C$6:$C$656,,-1) -> 16775
A11: 6 | B11: 45923 | C11: 16636 | F11: 6 | G11: 45925 | H11: =_xlfn.XLOOKUP(G11,$B$6:$B$656,$C$6:$C$656,,-1) -> 16752
A12: 7 | B12: 45922 | C12: 16607 | F12: 7 | G12: 45924 | H12: =_xlfn.XLOOKUP(G12,$B$6:$B$656,$C$6:$C$656,,-1) -> 16680
A13: 8 | B13: 45919 | C13: 16578 | F13: 8 | G13: 45923 | H13: =_xlfn.XLOOKUP(G13,$B$6:$B$656,$C$6:$C$656,,-1) -> 16636
A14: 9 | B14: 45918 | C14: 16498 | F14: 9 | G14: 45922 | H14: =_xlfn.XLOOKUP(G14,$B$6:$B$656,$C$6:$C$656,,-1) -> 16607
A15: 10 | B15: 45917 | C15: 16430 | F15: 10 | G15: 45921 | H15: =_xlfn.XLOOKUP(G15,$B$6:$B$656,$C$6:$C$656,,-1) -> 16578
A16: 11 | B16: 45916 | C16: 16385 | F16: 11 | G16: 45920 | H16: =_xlfn.XLOOKUP(G16,$B$6:$B$656,$C$6:$C$656,,-1) -> 16578
A17: 12 | B17: 45915 | C17: 16405 | F17: 12 | G17: 45919 | H17: =_xlfn.XLOOKUP(G17,$B$6:$B$656,$C$6:$C$656,,-1) -> 16578
... A656: 651 | B656: 44925 | C656: 15592 | F656: 651 | G656: 45280 | H656: =_xlfn.XLOOKUP(G656,$B$6:$B$656,$C$6:$C$656,,-1) -> 15512
F657: 652 | G657: 45279 | H657: =_xlfn.XLOOKUP(G657,$B$6:$B$656,$C$6:$C$656,,-1) -> 15506
F658: 653 | G658: 45278 | H658: =_xlfn.XLOOKUP(G658,$B$6:$B$656,$C$6:$C$656,,-1) -> 15516
F659: 654 | G659: 45277 | H659: =_xlfn.XLOOKUP(G659,$B$6:$B$656,$C$6:$C$656,,-1) -> 15503
F660: 655 | G660: 45276 | H660: =_xlfn.XLOOKUP(G660,$B$6:$B$656,$C$6:$C$656,,-1) -> 15503
F661: 656 | G661: 45275 | H661: =_xlfn.XLOOKUP(G661,$B$6:$B$656,$C$6:$C$656,,-1) -> 15503
F662: 657 | G662: 45274 | H662: =_xlfn.XLOOKUP(G662,$B$6:$B$656,$C$6:$C$656,,-1) -> 15493
F663: 658 | G663: 45273 | H663: =_xlfn.XLOOKUP(G663,$B$6:$B$656,$C$6:$C$656,,-1) -> 15629
F664: 659 | G664: 45272 | H664: =_xlfn.XLOOKUP(G664,$B$6:$B$656,$C$6:$C$656,,-1) -> 15631
F665: 660 | G665: 45271 | H665: =_xlfn.XLOOKUP(G665,$B$6:$B$656,$C$6:$C$656,,-1) -> 15614
F666: 661 | G666: 45270 | H666: =_xlfn.XLOOKUP(G666,$B$6:$B$656,$C$6:$C$656,,-1) -> 15500
F667: 662 | G667: 45269 | H667: =_xlfn.XLOOKUP(G667,$B$6:$B$656,$C$6:$C$656,,-1) -> 15500
F668: 663 | G668: 45268 | H668: =_xlfn.XLOOKUP(G668,$B$6:$B$656,$C$6:$C$656,,-1) -> 15500
... F1009: 1004 | G1009: 44927 | H1009: =_xlfn.XLOOKUP(G1009,$B$6:$B$656,$C$6:$C$656,,-1) -> 15592

Sheet minyak mentah
A3: Data Minyak Mentah
A5: No, | B5: Tanggal | C5: Harga | F5: =A5 -> No, | G5: =B5 -> Tanggal | H5: Harga (USD)
A6: 1 | B6: 45901 | C6: 66.81 | F6: 1 | G6: 45930 | H6: =_xlfn.XLOOKUP(G6,$B$6:$B$38,$C$6:$C$38,,-1) -> 66.81
A7: 2 | B7: 45870 | C7: 66.07 | F7: 2 | G7: 45929 | H7: =_xlfn.XLOOKUP(G7,$B$6:$B$38,$C$6:$C$38,,-1) -> 66.81
A8: 3 | B8: 45839 | C8: 68.59 | F8: 3 | G8: 45928 | H8: =_xlfn.XLOOKUP(G8,$B$6:$B$38,$C$6:$C$38,,-1) -> 66.81
A9: 4 | B9: 45809 | C9: 69.33 | F9: 4 | G9: 45927 | H9: =_xlfn.XLOOKUP(G9,$B$6:$B$38,$C$6:$C$38,,-1) -> 66.81
A10: 5 | B10: 45778 | C10: 62.75 | F10: 5 | G10: 45926 | H10: =_xlfn.XLOOKUP(G10,$B$6:$B$38,$C$6:$C$38,,-1) -> 66.81
A11: 6 | B11: 45748 | C11: 65.29 | F11: 6 | G11: 45925 | H11: =_xlfn.XLOOKUP(G11,$B$6:$B$38,$C$6:$C$38,,-1) -> 66.81
A12: 7 | B12: 45717 | C12: 71.11 | F12: 7 | G12: 45924 | H12: =_xlfn.XLOOKUP(G12,$B$6:$B$38,$C$6:$C$38,,-1) -> 66.81
A13: 8 | B13: 45689 | C13: 74.29 | F13: 8 | G13: 45923 | H13: =_xlfn.XLOOKUP(G13,$B$6:$B$38,$C$6:$C$38,,-1) -> 66.81
A14: 9 | B14: 45658 | C14: 76.81 | F14: 9 | G14: 45922 | H14: =_xlfn.XLOOKUP(G14,$B$6:$B$38,$C$6:$C$38,,-1) -> 66.81
A15: 10 | B15: 45627 | C15: 71.61 | F15: 10 | G15: 45921 | H15: =_xlfn.XLOOKUP(G15,$B$6:$B$38,$C$6:$C$38,,-1) -> 66.81
A16: 11 | B16: 45597 | C16: 71.83 | F16: 11 | G16: 45920 | H16: =_xlfn.XLOOKUP(G16,$B$6:$B$38,$C$6:$C$38,,-1) -> 66.81
A17: 12 | B17: 45566 | C17: 73.53 | F17: 12 | G17: 45919 | H17: =_xlfn.XLOOKUP(G17,$B$6:$B$38,$C$6:$C$38,,-1) -> 66.81
... A38: 33 | B38: 44927 | C38: 78.54 | F38: 33 | G38: 45898 | H38: =_xlfn.XLOOKUP(G38,$B$6:$B$38,$C$6:$C$38,,-1) -> 66.07
F39: 34 | G39: 45897 | H39: =_xlfn.XLOOKUP(G39,$B$6:$B$38,$C$6:$C$38,,-1) -> 66.07
F40: 35 | G40: 45896 | H40: =_xlfn.XLOOKUP(G40,$B$6:$B$38,$C$6:$C$38,,-1) -> 66.07
F41: 36 | G41: 45895 | H41: =_xlfn.XLOOKUP(G41,$B$6:$B$38,$C$6:$C$38,,-1) -> 66.07
F42: 37 | G42: 45894 | H42: =_xlfn.XLOOKUP(G42,$B$6:$B$38,$C$6:$C$38,,-1) -> 66.07
F43: 38 | G43: 45893 | H43: =_xlfn.XLOOKUP(G43,$B$6:$B$38,$C$6:$C$38,,-1) -> 66.07
F44: 39 | G44: 45892 | H44: =_xlfn.XLOOKUP(G44,$B$6:$B$38,$C$6:$C$38,,-1) -> 66.07
F45: 40 | G45: 45891 | H45: =_xlfn.XLOOKUP(G45,$B$6:$B$38,$C$6:$C$38,,-1) -> 66.07
F46: 41 | G46: 45890 | H46: =_xlfn.XLOOKUP(G46,$B$6:$B$38,$C$6:$C$38,,-1) -> 66.07
F47: 42 | G47: 45889 | H47: =_xlfn.XLOOKUP(G47,$B$6:$B$38,$C$6:$C$38,,-1) -> 66.07
F48: 43 | G48: 45888 | H48: =_xlfn.XLOOKUP(G48,$B$6:$B$38,$C$6:$C$38,,-1) -> 66.07
F49: 44 | G49: 45887 | H49: =_xlfn.XLOOKUP(G49,$B$6:$B$38,$C$6:$C$38,,-1) -> 66.07
F50: 45 | G50: 45886 | H50: =_xlfn.XLOOKUP(G50,$B$6:$B$38,$C$6:$C$38,,-1) -> 66.07
... F1009: 1004 | G1009: 44927 | H1009: =_xlfn.XLOOKUP(G1009,$B$6:$B$38,$C$6:$C$38,,-1) -> 78.54

Sheet emas
A3: PT Syariah Koin-Emas | B3: BI-7Day-RR | C3: BI-7Day-RR | D3: BI-7Day-RR
A5: No. | B5: Tanggal | C5: Harga Beli | D5: Harga Jual | F5: =A5 -> No. | G5: =B5 -> Tanggal | H5: Harga Beli | I5: Harga Jual
A6: 1 | B6: 45930 | C6: 2146000 | D6: 2097000 | F6: 1 | G6: 45930 | H6: =_xlfn.XLOOKUP(G6,$B$6:$B$994,$C$6:$C$994,,-1) -> 2146000 | I6: =_xlfn.XLOOKUP(G6,$B$6:$B$994,$D$6:$D$994,,-1) -> 2097000
A7: 2 | B7: 45929 | C7: 2137000 | D7: 2089000 | F7: 2 | G7: 45929 | H7: =_xlfn.XLOOKUP(G7,$B$6:$B$994,$C$6:$C$994,,-1) -> 2137000 | I7: =_xlfn.XLOOKUP(G7,$B$6:$B$994,$D$6:$D$994,,-1) -> 2089000
A8: 3 | B8: 45928 | C8: 2100000 | D8: 2053000 | F8: 3 | G8: 45928 | H8: =_xlfn.XLOOKUP(G8,$B$6:$B$994,$C$6:$C$994,,-1) -> 2100000 | I8: =_xlfn.XLOOKUP(G8,$B$6:$B$994,$D$6:$D$994,,-1) -> 2053000
A9: 4 | B9: 45927 | C9: 2100000 | D9: 2053000 | F9: 4 | G9: 45927 | H9: =_xlfn.XLOOKUP(G9,$B$6:$B$994,$C$6:$C$994,,-1) -> 2100000 | I9: =_xlfn.XLOOKUP(G9,$B$6:$B$994,$D$6:$D$994,,-1) -> 2053000
A10: 5 | B10: 45926 | C10: 2119000 | D10: 2071000 | F10: 5 | G10: 45926 | H10: =_xlfn.XLOOKUP(G10,$B$6:$B$994,$C$6:$C$994,,-1) -> 2119000 | I10: =_xlfn.XLOOKUP(G10,$B$6:$B$994,$D$6:$D$994,,-1) -> 2071000
A11: 6 | B11: 45925 | C11: 2083000 | D11: 2036000 | F11: 6 | G11: 45925 | H11: =_xlfn.XLOOKUP(G11,$B$6:$B$994,$C$6:$C$994,,-1) -> 2083000 | I11: =_xlfn.XLOOKUP(G11,$B$6:$B$994,$D$6:$D$994,,-1) -> 2036000
A12: 7 | B12: 45924 | C12: 2089000 | D12: 2042000 | F12: 7 | G12: 45924 | H12: =_xlfn.XLOOKUP(G12,$B$6:$B$994,$C$6:$C$994,,-1) -> 2089000 | I12: =_xlfn.XLOOKUP(G12,$B$6:$B$994,$D$6:$D$994,,-1) -> 2042000
A13: 8 | B13: 45923 | C13: 2098000 | D13: 2051000 | F13: 8 | G13: 45923 | H13: =_xlfn.XLOOKUP(G13,$B$6:$B$994,$C$6:$C$994,,-1) -> 2098000 | I13: =_xlfn.XLOOKUP(G13,$B$6:$B$994,$D$6:$D$994,,-1) -> 2051000
A14: 9 | B14: 45922 | C14: 2074000 | D14: 2027000 | F14: 9 | G14: 45922 | H14: =_xlfn.XLOOKUP(G14,$B$6:$B$994,$C$6:$C$994,,-1) -> 2074000 | I14: =_xlfn.XLOOKUP(G14,$B$6:$B$994,$D$6:$D$994,,-1) -> 2027000
A15: 10 | B15: 45921 | C15: 2052000 | D15: 2006000 | F15: 10 | G15: 45921 | H15: =_xlfn.XLOOKUP(G15,$B$6:$B$994,$C$6:$C$994,,-1) -> 2052000 | I15: =_xlfn.XLOOKUP(G15,$B$6:$B$994,$D$6:$D$994,,-1) -> 2006000
A16: 11 | B16: 45920 | C16: 2052000 | D16: 2006000 | F16: 11 | G16: 45920 | H16: =_xlfn.XLOOKUP(G16,$B$6:$B$994,$C$6:$C$994,,-1) -> 2052000 | I16: =_xlfn.XLOOKUP(G16,$B$6:$B$994,$D$6:$D$994,,-1) -> 2006000
A17: 12 | B17: 45919 | C17: 2030000 | D17: 1984000 | F17: 12 | G17: 45919 | H17: =_xlfn.XLOOKUP(G17,$B$6:$B$994,$C$6:$C$994,,-1) -> 2030000 | I17: =_xlfn.XLOOKUP(G17,$B$6:$B$994,$D$6:$D$994,,-1) -> 1984000
... A994: 989 | B994: 44927 | C994: 922780 | D994: 890500 | F994: 989 | G994: 44942 | H994: =_xlfn.XLOOKUP(G994,$B$6:$B$994,$C$6:$C$994,,-1) -> 950000 | I994: =_xlfn.XLOOKUP(G994,$B$6:$B$994,$D$6:$D$994,,-1) -> 914500
F995: 990 | G995: 44941 | H995: =_xlfn.XLOOKUP(G995,$B$6:$B$994,$C$6:$C$994,,-1) -> 965160 | I995: =_xlfn.XLOOKUP(G995,$B$6:$B$994,$D$6:$D$994,,-1) -> 931500
F996: 991 | G996: 44940 | H996: =_xlfn.XLOOKUP(G996,$B$6:$B$994,$C$6:$C$994,,-1) -> 965160 | I996: =_xlfn.XLOOKUP(G996,$B$6:$B$994,$D$6:$D$994,,-1) -> 931500
F997: 992 | G997: 44939 | H997: =_xlfn.XLOOKUP(G997,$B$6:$B$994,$C$6:$C$994,,-1) -> 941450 | I997: =_xlfn.XLOOKUP(G997,$B$6:$B$994,$D$6:$D$994,,-1) -> 909000
F998: 993 | G998: 44938 | H998: =_xlfn.XLOOKUP(G998,$B$6:$B$994,$C$6:$C$994,,-1) -> 938920 | I998: =_xlfn.XLOOKUP(G998,$B$6:$B$994,$D$6:$D$994,,-1) -> 906500
F999: 994 | G999: 44937 | H999: =_xlfn.XLOOKUP(G999,$B$6:$B$994,$C$6:$C$994,,-1) -> 950530 | I999: =_xlfn.XLOOKUP(G999,$B$6:$B$994,$D$6:$D$994,,-1) -> 917500
F1000: 995 | G1000: 44936 | H1000: =_xlfn.XLOOKUP(G1000,$B$6:$B$994,$C$6:$C$994,,-1) -> 952550 | I1000: =_xlfn.XLOOKUP(G1000,$B$6:$B$994,$D$6:$D$994,,-1) -> 919500
F1001: 996 | G1001: 44935 | H1001: =_xlfn.XLOOKUP(G1001,$B$6:$B$994,$C$6:$C$994,,-1) -> 954060 | I1001: =_xlfn.XLOOKUP(G1001,$B$6:$B$994,$D$6:$D$994,,-1) -> 921000
F1002: 997 | G1002: 44934 | H1002: =_xlfn.XLOOKUP(G1002,$B$6:$B$994,$C$6:$C$994,,-1) -> 951030 | I1002: =_xlfn.XLOOKUP(G1002,$B$6:$B$994,$D$6:$D$994,,-1) -> 918000
F1003: 998 | G1003: 44933 | H1003: =_xlfn.XLOOKUP(G1003,$B$6:$B$994,$C$6:$C$994,,-1) -> 951030 | I1003: =_xlfn.XLOOKUP(G1003,$B$6:$B$994,$D$6:$D$994,,-1) -> 918000
F1004: 999 | G1004: 44932 | H1004: =_xlfn.XLOOKUP(G1004,$B$6:$B$994,$C$6:$C$994,,-1) -> 936910 | I1004: =_xlfn.XLOOKUP(G1004,$B$6:$B$994,$D$6:$D$994,,-1) -> 904000
F1005: 1000 | G1005: 44931 | H1005: =_xlfn.XLOOKUP(G1005,$B$6:$B$994,$C$6:$C$994,,-1) -> 938920 | I1005: =_xlfn.XLOOKUP(G1005,$B$6:$B$994,$D$6:$D$994,,-1) -> 906500
F1006: 1001 | G1006: 44930 | H1006: =_xlfn.XLOOKUP(G1006,$B$6:$B$994,$C$6:$C$994,,-1) -> 936400 | I1006: =_xlfn.XLOOKUP(G1006,$B$6:$B$994,$D$6:$D$994,,-1) -> 903500
... F1009: 1004 | G1009: 44927 | H1009: =_xlfn.XLOOKUP(G1009,$B$6:$B$994,$C$6:$C$994,,-1) -> 922780 | I1009: =_xlfn.XLOOKUP(G1009,$B$6:$B$994,$D$6:$D$994,,-1) -> 890500

Sheet dataset
A1: =inflasi!$G5 -> Periode | B1: Inflasi | C1: Bunga | D1: Kurs | E1: Oil | F1: Gold
A2: =inflasi!$G6 -> 45930 | B2: =inflasi!$H6 -> 2.65 | C2: ='suku bunga'!$H6 -> 4.75 | D2: ='nilai tukar'!$H6 -> 16692 | E2: ='minyak mentah'!H6 -> 66.81 | F2: =emas!H6 -> 2146000
A3: =inflasi!$G7 -> 45929 | B3: =inflasi!$H7 -> 2.65 | C3: ='suku bunga'!$H7 -> 4.75 | D3: ='nilai tukar'!$H7 -> 16680 | E3: ='minyak mentah'!H7 -> 66.81 | F3: =emas!H7 -> 2137000
A4: =inflasi!$G8 -> 45928 | B4: =inflasi!$H8 -> 2.65 | C4: ='suku bunga'!$H8 -> 4.75 | D4: ='nilai tukar'!$H8 -> 16775 | E4: ='minyak mentah'!H8 -> 66.81 | F4: =emas!H8 -> 2100000
A5: =inflasi!$G9 -> 45927 | B5: =inflasi!$H9 -> 2.65 | C5: ='suku bunga'!$H9 -> 4.75 | D5: ='nilai tukar'!$H9 -> 16775 | E5: ='minyak mentah'!H9 -> 66.81 | F5: =emas!H9 -> 2100000
A6: =inflasi!$G10 -> 45926 | B6: =inflasi!$H10 -> 2.65 | C6: ='suku bunga'!$H10 -> 4.75 | D6: ='nilai tukar'!$H10 -> 16775 | E6: ='minyak mentah'!H10 -> 66.81 | F6: =emas!H10 -> 2119000
A7: =inflasi!$G11 -> 45925 | B7: =inflasi!$H11 -> 2.65 | C7: ='suku bunga'!$H11 -> 4.75 | D7: ='nilai tukar'!$H11 -> 16752 | E7: ='minyak mentah'!H11 -> 66.81 | F7: =emas!H11 -> 2083000
A8: =inflasi!$G12 -> 45924 | B8: =inflasi!$H12 -> 2.65 | C8: ='suku bunga'!$H12 -> 4.75 | D8: ='nilai tukar'!$H12 -> 16680 | E8: ='minyak mentah'!H12 -> 66.81 | F8: =emas!H12 -> 2089000
A9: =inflasi!$G13 -> 45923 | B9: =inflasi!$H13 -> 2.65 | C9: ='suku bunga'!$H13 -> 4.75 | D9: ='nilai tukar'!$H13 -> 16636 | E9: ='minyak mentah'!H13 -> 66.81 | F9: =emas!H13 -> 2098000
A10: =inflasi!$G14 -> 45922 | B10: =inflasi!$H14 -> 2.65 | C10: ='suku bunga'!$H14 -> 4.75 | D10: ='nilai tukar'!$H14 -> 16607 | E10: ='minyak mentah'!H14 -> 66.81 | F10: =emas!H14 -> 2074000
A11: =inflasi!$G15 -> 45921 | B11: =inflasi!$H15 -> 2.65 | C11: ='suku bunga'!$H15 -> 4.75 | D11: ='nilai tukar'!$H15 -> 16578 | E11: ='minyak mentah'!H15 -> 66.81 | F11: =emas!H15 -> 2052000
A12: =inflasi!$G16 -> 45920 | B12: =inflasi!$H16 -> 2.65 | C12: ='suku bunga'!$H16 -> 4.75 | D12: ='nilai tukar'!$H16 -> 16578 | E12: ='minyak mentah'!H16 -> 66.81 | F12: =emas!H16 -> 2052000
A13: =inflasi!$G17 -> 45919 | B13: =inflasi!$H17 -> 2.65 | C13: ='suku bunga'!$H17 -> 4.75 | D13: ='nilai tukar'!$H17 -> 16578 | E13: ='minyak mentah'!H17 -> 66.81 | F13: =emas!H17 -> 2030000
... A1005: =inflasi!$G1009 -> 44927 | B1005: =inflasi!$H1009 -> 5.28 | C1005: ='suku bunga'!$H1009 -> 5.5 | D1005: ='nilai tukar'!$H1009 -> 15592 | E1005: ='minyak mentah'!H1009 -> 78.54 | F1005: =emas!H1009 -> 922780
